{
	"title": "Booking resource",
	"description": "Booking resource object",
	"type": "object",
	"properties": {
		"id": {
			"description": "Booking id",
			"type": "integer"
		},
		"first_name": {
			"description": "First name",
			"type": "string",
			"minLength": 1,
			"maxLength": 255
		},
		"last_name": {
			"description": "Last name",
			"type": "string",
			"minLength": 1,
			"maxLength": 255
		},
		"date_of_birth": {
			"description": "Date of birth",
			"type": "date",
			"minLength": 10,
			"maxLength": 10
		},
		"checkin": {
			"description": "Checkin",
			"type": "date",
			"minLength": 10,
			"maxLength": 10
		},
		"checkout": {
			"description": "Checkout",
			"type": "date",
			"minLength": 10,
			"maxLength": 10
		},
		"total_price": {
			"description": "Total price",
			"type": "number"
		},
		"deposit": {
			"description": "Deposit",
			"type": "number"
		},
		"address": {
			"javaType": "com.paypal.bfs.test.bookingserv.api.model.Address",
			"type": "object"
		}
	},
	"required": [
		"first_name",
		"last_name"
	]
}